[
{
    "model": "tracker_app.project",
    "pk": 1,
    "fields": {
        "start_date": "2022-01-01",
        "end_date": "2022-02-04",
        "name": "Тракер",
        "description": "Простой трекер задач"
    }
},
{
    "model": "tracker_app.project",
    "pk": 4,
    "fields": {
        "start_date": "2022-02-03",
        "end_date": null,
        "name": "Третий тестовый",
        "description": "Не хочет делать редирект, поэтому появился этот проэкт"
    }
},
{
    "model": "tracker_app.project",
    "pk": 5,
    "fields": {
        "start_date": "2022-02-04",
        "end_date": "2022-03-04",
        "name": "Еще один тестовый",
        "description": "Вроде все работает)"
    }
},
{
    "model": "tracker_app.project",
    "pk": 6,
    "fields": {
        "start_date": "2022-02-05",
        "end_date": "2022-02-06",
        "name": "Последний тестовый",
        "description": "Наверное это последний тестовый"
    }
},
{
    "model": "tracker_app.task",
    "pk": 1,
    "fields": {
        "summary": "Закончить домашку",
        "description": "К концу дня закончить домашку",
        "status": 1,
        "project": 1,
        "created_at": "2022-01-13",
        "updated_at": "2022-01-24"
    }
},
{
    "model": "tracker_app.task",
    "pk": 10,
    "fields": {
        "summary": "Придумать 4 задачи",
        "description": "Придумать 4 задачи и добавить их в базу данных",
        "status": 1,
        "project": 1,
        "created_at": "2022-01-24",
        "updated_at": "2022-01-24"
    }
},
{
    "model": "tracker_app.task",
    "pk": 11,
    "fields": {
        "summary": "Купить энергетик",
        "description": "Сходить в ближайший магазин и купить энергетик",
        "status": 2,
        "project": 1,
        "created_at": "2022-01-24",
        "updated_at": "2022-01-24"
    }
},
{
    "model": "tracker_app.task",
    "pk": 12,
    "fields": {
        "summary": "Запилить соло bug на клавиатуре",
        "description": "Запилить соло на клавиатуре не глядя на нее",
        "status": 3,
        "project": 1,
        "created_at": "2022-01-24",
        "updated_at": "2022-01-24"
    }
},
{
    "model": "tracker_app.task",
    "pk": 13,
    "fields": {
        "summary": "Закипятить чайник",
        "description": "Набрать воды и поставить кипятиться воду",
        "status": 3,
        "project": 1,
        "created_at": "2022-01-24",
        "updated_at": "2022-01-24"
    }
},
{
    "model": "tracker_app.task",
    "pk": 14,
    "fields": {
        "summary": "Разобраться в связи многие ко многим",
        "description": "Разобраться в связи многие ко многим и перестать путаться в запросах",
        "status": 2,
        "project": 1,
        "created_at": "2022-01-24",
        "updated_at": "2022-01-24"
    }
},
{
    "model": "tracker_app.task",
    "pk": 15,
    "fields": {
        "summary": "Вот это совпадение!!!",
        "description": "Вот это совпадение!!!",
        "status": 1,
        "project": 1,
        "created_at": "2022-01-24",
        "updated_at": "2022-01-24"
    }
},
{
    "model": "tracker_app.task",
    "pk": 17,
    "fields": {
        "summary": "Task 100500",
        "description": "ghgkjkyrhegesdvd",
        "status": 2,
        "project": 1,
        "created_at": "2022-01-31",
        "updated_at": "2022-01-31"
    }
},
{
    "model": "tracker_app.task",
    "pk": 18,
    "fields": {
        "summary": "task20",
        "description": "jkfdskljf sdfkjsfks fjskf jsdj fskf s fks f sdf sdfsd fsd kfjsd f",
        "status": 2,
        "project": 1,
        "created_at": "2022-01-31",
        "updated_at": "2022-01-31"
    }
},
{
    "model": "tracker_app.task",
    "pk": 19,
    "fields": {
        "summary": "task 10",
        "description": "sdkfjsdk fskd fsjdf s f sdkf jkds jfoiewuiof eo eiow udoiu ed",
        "status": 2,
        "project": 1,
        "created_at": "2022-01-31",
        "updated_at": "2022-01-31"
    }
},
{
    "model": "tracker_app.task",
    "pk": 20,
    "fields": {
        "summary": "Первая тестовая",
        "description": "Это первая тестовая задача",
        "status": 1,
        "project": 4,
        "created_at": "2022-02-03",
        "updated_at": "2022-02-03"
    }
},
{
    "model": "tracker_app.task",
    "pk": 24,
    "fields": {
        "summary": "Тест после исправления",
        "description": "Обнаружилось что созданные задачи не сохраняют тип, добавил form.safe_m2m() надеюсь исправит положение",
        "status": 1,
        "project": 5,
        "created_at": "2022-02-03",
        "updated_at": "2022-02-03"
    }
},
{
    "model": "tracker_app.task",
    "pk": 25,
    "fields": {
        "summary": "Актер массовки 1",
        "description": "Задача для массовки",
        "status": 1,
        "project": 5,
        "created_at": "2022-02-04",
        "updated_at": "2022-02-04"
    }
},
{
    "model": "tracker_app.task",
    "pk": 26,
    "fields": {
        "summary": "Актер массовки 2",
        "description": "Задача создана для массовки",
        "status": 1,
        "project": 5,
        "created_at": "2022-02-04",
        "updated_at": "2022-02-04"
    }
},
{
    "model": "tracker_app.task",
    "pk": 27,
    "fields": {
        "summary": "Актер массовки 3",
        "description": "Задача создана для массовки",
        "status": 1,
        "project": 5,
        "created_at": "2022-02-04",
        "updated_at": "2022-02-04"
    }
},
{
    "model": "tracker_app.task",
    "pk": 28,
    "fields": {
        "summary": "Актер массовки 4",
        "description": "Задача создана для массовки",
        "status": 2,
        "project": 5,
        "created_at": "2022-02-04",
        "updated_at": "2022-02-04"
    }
},
{
    "model": "tracker_app.task",
    "pk": 29,
    "fields": {
        "summary": "Актер массовки 5",
        "description": "Задача создана для массовки",
        "status": 1,
        "project": 4,
        "created_at": "2022-02-04",
        "updated_at": "2022-02-04"
    }
},
{
    "model": "tracker_app.task",
    "pk": 30,
    "fields": {
        "summary": "Актер массовки 6",
        "description": "Задача создана для массовки",
        "status": 1,
        "project": 4,
        "created_at": "2022-02-04",
        "updated_at": "2022-02-04"
    }
},
{
    "model": "tracker_app.task",
    "pk": 31,
    "fields": {
        "summary": "Актер массовки 7",
        "description": "Задача создана для массовки",
        "status": 3,
        "project": 4,
        "created_at": "2022-02-04",
        "updated_at": "2022-02-04"
    }
},
{
    "model": "tracker_app.task",
    "pk": 32,
    "fields": {
        "summary": "Актер массовки 1",
        "description": "Задача создана для массовки",
        "status": 1,
        "project": 4,
        "created_at": "2022-02-04",
        "updated_at": "2022-02-04"
    }
},
{
    "model": "tracker_app.task",
    "pk": 33,
    "fields": {
        "summary": "Актер массовки 8",
        "description": "Задача создана для массовки",
        "status": 1,
        "project": 4,
        "created_at": "2022-02-04",
        "updated_at": "2022-01-31"
    }
},
{
    "model": "tracker_app.task",
    "pk": 34,
    "fields": {
        "summary": "Актер массовки 9",
        "description": "Эта задача созданна для массовки",
        "status": 1,
        "project": 6,
        "created_at": "2022-02-03",
        "updated_at": "2022-02-03"
    }
},
{
    "model": "tracker_app.task",
    "pk": 35,
    "fields": {
        "summary": "Актер массовки 10",
        "description": "Эта задача созданна для массовки",
        "status": 1,
        "project": 6,
        "created_at": "2022-02-03",
        "updated_at": "2022-02-03"
    }
},
{
    "model": "tracker_app.type",
    "pk": 1,
    "fields": {
        "name": "Задача"
    }
},
{
    "model": "tracker_app.type",
    "pk": 2,
    "fields": {
        "name": "Баг"
    }
},
{
    "model": "tracker_app.type",
    "pk": 3,
    "fields": {
        "name": "Улучшение"
    }
},
{
    "model": "tracker_app.tasktype",
    "pk": 11,
    "fields": {
        "task": 1,
        "type": 1
    }
},
{
    "model": "tracker_app.tasktype",
    "pk": 21,
    "fields": {
        "task": 10,
        "type": 1
    }
},
{
    "model": "tracker_app.tasktype",
    "pk": 22,
    "fields": {
        "task": 10,
        "type": 3
    }
},
{
    "model": "tracker_app.tasktype",
    "pk": 23,
    "fields": {
        "task": 11,
        "type": 1
    }
},
{
    "model": "tracker_app.tasktype",
    "pk": 24,
    "fields": {
        "task": 12,
        "type": 3
    }
},
{
    "model": "tracker_app.tasktype",
    "pk": 28,
    "fields": {
        "task": 14,
        "type": 3
    }
},
{
    "model": "tracker_app.tasktype",
    "pk": 29,
    "fields": {
        "task": 13,
        "type": 1
    }
},
{
    "model": "tracker_app.tasktype",
    "pk": 30,
    "fields": {
        "task": 15,
        "type": 2
    }
},
{
    "model": "tracker_app.tasktype",
    "pk": 32,
    "fields": {
        "task": 17,
        "type": 2
    }
},
{
    "model": "tracker_app.tasktype",
    "pk": 33,
    "fields": {
        "task": 17,
        "type": 3
    }
},
{
    "model": "tracker_app.tasktype",
    "pk": 34,
    "fields": {
        "task": 18,
        "type": 1
    }
},
{
    "model": "tracker_app.tasktype",
    "pk": 35,
    "fields": {
        "task": 18,
        "type": 2
    }
},
{
    "model": "tracker_app.tasktype",
    "pk": 36,
    "fields": {
        "task": 19,
        "type": 2
    }
},
{
    "model": "tracker_app.tasktype",
    "pk": 37,
    "fields": {
        "task": 24,
        "type": 2
    }
},
{
    "model": "tracker_app.tasktype",
    "pk": 42,
    "fields": {
        "task": 25,
        "type": 3
    }
},
{
    "model": "tracker_app.tasktype",
    "pk": 43,
    "fields": {
        "task": 26,
        "type": 3
    }
},
{
    "model": "tracker_app.tasktype",
    "pk": 44,
    "fields": {
        "task": 27,
        "type": 3
    }
},
{
    "model": "tracker_app.tasktype",
    "pk": 45,
    "fields": {
        "task": 28,
        "type": 3
    }
},
{
    "model": "tracker_app.tasktype",
    "pk": 46,
    "fields": {
        "task": 29,
        "type": 3
    }
},
{
    "model": "tracker_app.tasktype",
    "pk": 47,
    "fields": {
        "task": 30,
        "type": 3
    }
},
{
    "model": "tracker_app.tasktype",
    "pk": 48,
    "fields": {
        "task": 31,
        "type": 2
    }
},
{
    "model": "tracker_app.tasktype",
    "pk": 49,
    "fields": {
        "task": 32,
        "type": 1
    }
},
{
    "model": "tracker_app.tasktype",
    "pk": 50,
    "fields": {
        "task": 33,
        "type": 2
    }
},
{
    "model": "tracker_app.tasktype",
    "pk": 51,
    "fields": {
        "task": 33,
        "type": 1
    }
},
{
    "model": "tracker_app.tasktype",
    "pk": 52,
    "fields": {
        "task": 34,
        "type": 3
    }
},
{
    "model": "tracker_app.tasktype",
    "pk": 53,
    "fields": {
        "task": 35,
        "type": 3
    }
},
{
    "model": "tracker_app.status",
    "pk": 1,
    "fields": {
        "name": "Новая"
    }
},
{
    "model": "tracker_app.status",
    "pk": 2,
    "fields": {
        "name": "Выполняется"
    }
},
{
    "model": "tracker_app.status",
    "pk": 3,
    "fields": {
        "name": "Выполненна"
    }
}
]
